Context,Entropy
       Es [MASK],1.5586609210081033
      Es war [MASK],1.57748461055906
     Es war Morgen [MASK],1.4450538868159732
    Es war Morgen  [MASK],1.4450538868159732
   Es war Morgen  und [MASK],1.4598791161294384
  Es war Morgen  und die [MASK],1.0538273240132923
 Es war Morgen  und die neue [MASK],1.6040998899654653
Es war Morgen  und die neue Sonne [MASK],1.6070232904543458
war Morgen  und die neue Sonne  [MASK],1.4221971695505369
Morgen  und die neue Sonne  flimmerte [MASK],1.330858118822988
 und die neue Sonne  flimmerte golden [MASK],1.5458339610049787
und die neue Sonne  flimmerte golden über [MASK],1.533484865654503
die neue Sonne  flimmerte golden über dem [MASK],1.457200604796993
neue Sonne  flimmerte golden über dem Wellengekräusel [MASK],0.9086867889151378
Sonne  flimmerte golden über dem Wellengekräusel der [MASK],1.5619005736940585
 flimmerte golden über dem Wellengekräusel der stillen [MASK],1.5349960098287794
flimmerte golden über dem Wellengekräusel der stillen  [MASK],1.5349960098287794
golden über dem Wellengekräusel der stillen  Vogel [MASK],1.5374525246550022
über dem Wellengekräusel der stillen  Vogel  [MASK],1.533246583207264
dem Wellengekräusel der stillen  Vogel  Von [MASK],1.5424276551491312
Wellengekräusel der stillen  Vogel  Von einem [MASK],1.457281132442794
der stillen  Vogel  Von einem Fischerboot [MASK],1.3107013044639155
stillen  Vogel  Von einem Fischerboot eine [MASK],1.4462927382966602
 Vogel  Von einem Fischerboot eine Meile [MASK],1.3933511220087638
Vogel  Von einem Fischerboot eine Meile  [MASK],1.3933511220087638
 Von einem Fischerboot eine Meile  vor [MASK],1.5149175267954844
Von einem Fischerboot eine Meile  vor der [MASK],0.48869081033914236
einem Fischerboot eine Meile  vor der Küste [MASK],0.9875961187000718
Fischerboot eine Meile  vor der Küste  [MASK],1.474735222832027
eine Meile  vor der Küste  wurden [MASK],1.5589541390788144
Meile  vor der Küste  wurden die [MASK],1.5488157297629501
 vor der Küste  wurden die Netze [MASK],1.5756875790606124
vor der Küste  wurden die Netze ausgeworfen [MASK],1.045051891223867
der Küste  wurden die Netze ausgeworfen  [MASK],1.146205418186684
Küste  wurden die Netze ausgeworfen  Blitzschnell [MASK],0.8953288712601861
 wurden die Netze ausgeworfen  Blitzschnell verbreitete [MASK],1.494264235673913
wurden die Netze ausgeworfen  Blitzschnell verbreitete sich [MASK],1.4984415948206955
die Netze ausgeworfen  Blitzschnell verbreitete sich die [MASK],1.5280134591397576
Netze ausgeworfen  Blitzschnell verbreitete sich die Nachricht [MASK],1.5781447435818696
ausgeworfen  Blitzschnell verbreitete sich die Nachricht in [MASK],1.5336585565062664
 Blitzschnell verbreitete sich die Nachricht in der [MASK],1.5512526032972402
Blitzschnell verbreitete sich die Nachricht in der Luft [MASK],1.4740624531878077
verbreitete sich die Nachricht in der Luft  [MASK],1.4416064127578472
sich die Nachricht in der Luft  und [MASK],1.5127720421138746
die Nachricht in der Luft  und lockte [MASK],1.2735809214516915
Nachricht in der Luft  und lockte einen [MASK],1.5559274733196642
in der Luft  und lockte einen Schwarm [MASK],1.5769811578481527
der Luft  und lockte einen Schwarm Seemöwen [MASK],1.6083470439479335
Luft  und lockte einen Schwarm Seemöwen an [MASK],0.6123282806397023
 und lockte einen Schwarm Seemöwen an  [MASK],0.6802896493962857
und lockte einen Schwarm Seemöwen an  Tausende [MASK],1.4879283564373593
lockte einen Schwarm Seemöwen an  Tausende flitzten [MASK],1.519223145720617
einen Schwarm Seemöwen an  Tausende flitzten hin [MASK],0.7258074586955816
Schwarm Seemöwen an  Tausende flitzten hin und [MASK],0.08717295160802686
Seemöwen an  Tausende flitzten hin und her [MASK],1.557260568634181
an  Tausende flitzten hin und her  [MASK],1.4737314036243112
 Tausende flitzten hin und her  und [MASK],1.285373525196486
Tausende flitzten hin und her  und balgten [MASK],1.4314330618779676
flitzten hin und her  und balgten sich [MASK],1.3894442761923
hin und her  und balgten sich  [MASK],1.5333717230891502
und her  und balgten sich  kreischend [MASK],1.5658337243051892
her  und balgten sich  kreischend um [MASK],1.5871658911728161
 und balgten sich  kreischend um ein [MASK],1.4179307328513238
und balgten sich  kreischend um ein paar [MASK],1.5828102889311977
balgten sich  kreischend um ein paar Kreise [MASK],1.3551174336260534
sich  kreischend um ein paar Kreise  [MASK],0.38567478255697696
 kreischend um ein paar Kreise  Ein [MASK],1.5521820875993715
kreischend um ein paar Kreise  Ein neuer [MASK],1.4415688866403369
um ein paar Kreise  Ein neuer Tag [MASK],1.5825326532232165
ein paar Kreise  Ein neuer Tag voller [MASK],1.4376363281488418
paar Kreise  Ein neuer Tag voller Geschäftigkeit [MASK],1.5725903658066864
Kreise  Ein neuer Tag voller Geschäftigkeit  [MASK],1.4930004479328598
 Ein neuer Tag voller Geschäftigkeit  hatte [MASK],0.8257016814217283
Ein neuer Tag voller Geschäftigkeit  hatte begonnen [MASK],1.2909068187934774
neuer Tag voller Geschäftigkeit  hatte begonnen  [MASK],1.4260235885571806
Tag voller Geschäftigkeit  hatte begonnen  Nur [MASK],1.4778103936190123
voller Geschäftigkeit  hatte begonnen  Nur ganz [MASK],1.6041264877985955
Geschäftigkeit  hatte begonnen  Nur ganz draussen [MASK],0.876938136647501
 hatte begonnen  Nur ganz draussen  [MASK],1.0718798438865433
hatte begonnen  Nur ganz draussen  weit [MASK],1.2182988992176915
begonnen  Nur ganz draussen  weit  [MASK],1.2889261687666533
 Nur ganz draussen  weit  weit [MASK],0.9823426126345113
Nur ganz draussen  weit  weit von [MASK],1.4444614499425064
ganz draussen  weit  weit von Boot [MASK],0.31219147091240873
draussen  weit  weit von Boot und [MASK],1.5698654580462117
 weit  weit von Boot und Küste [MASK],0.11628845842617966
weit  weit von Boot und Küste  [MASK],0.11628845842617966
 weit von Boot und Küste  entfernt [MASK],1.4143054273384297
weit von Boot und Küste  entfernt  [MASK],1.4143054273384297
von Boot und Küste  entfernt  zog [MASK],1.5790372201530334
Boot und Küste  entfernt  zog die [MASK],1.4911047919447085
und Küste  entfernt  zog die Möwe [MASK],1.594901956873828
Küste  entfernt  zog die Möwe Jonathan [MASK],1.5678964538115359
 entfernt  zog die Möwe Jonathan ganz [MASK],1.402119771379158
entfernt  zog die Möwe Jonathan ganz allein [MASK],1.592970706691139
 zog die Möwe Jonathan ganz allein ihre [MASK],1.5054626371490314
zog die Möwe Jonathan ganz allein ihre  [MASK],1.5054626371490314
die Möwe Jonathan ganz allein ihre  Kreise [MASK],1.0803857517305533
Möwe Jonathan ganz allein ihre  Kreise  [MASK],0.9137410482259334
Jonathan ganz allein ihre  Kreise  In [MASK],1.5675131750125164
ganz allein ihre  Kreise  In dreissig [MASK],1.5826929532918812
allein ihre  Kreise  In dreissig Meter [MASK],1.5260225653467974
ihre  Kreise  In dreissig Meter Höhe [MASK],1.5946809307003886
 Kreise  In dreissig Meter Höhe senkte [MASK],0.5949180704546746
Kreise  In dreissig Meter Höhe senkte sie [MASK],1.341387458314064
 In dreissig Meter Höhe senkte sie die [MASK],1.5927286297365097
In dreissig Meter Höhe senkte sie die Läufe [MASK],1.4673327138077312
dreissig Meter Höhe senkte sie die Läufe  [MASK],1.484986296429481
Meter Höhe senkte sie die Läufe  hob [MASK],1.4864215817609718
Höhe senkte sie die Läufe  hob den [MASK],1.5451740024418
senkte sie die Läufe  hob den Schnabel [MASK],1.5814030336489786
sie die Läufe  hob den Schnabel und [MASK],1.5854382846816335
die Läufe  hob den Schnabel und versuchte [MASK],1.5226447134081438
Läufe  hob den Schnabel und versuchte schwebend [MASK],1.5573479661966425
 hob den Schnabel und versuchte schwebend eine [MASK],1.533365942673317
hob den Schnabel und versuchte schwebend eine ganz [MASK],1.558264787854293
den Schnabel und versuchte schwebend eine ganz enge [MASK],1.5431000689799879
Schnabel und versuchte schwebend eine ganz enge Kurve [MASK],1.4585616938867862
und versuchte schwebend eine ganz enge Kurve zu [MASK],1.5428261383893587
versuchte schwebend eine ganz enge Kurve zu beschreiben [MASK],1.2889890374700428
schwebend eine ganz enge Kurve zu beschreiben  [MASK],1.4700466958619687
eine ganz enge Kurve zu beschreiben  Die [MASK],1.5992979767045319
ganz enge Kurve zu beschreiben  Die Wendung [MASK],1.5877034841611546
enge Kurve zu beschreiben  Die Wendung verringerte [MASK],1.2526764615192316
Kurve zu beschreiben  Die Wendung verringerte die [MASK],1.3626799061306878
zu beschreiben  Die Wendung verringerte die Futter [MASK],1.5450908166115669
beschreiben  Die Wendung verringerte die Futter  [MASK],1.522369803495717
 Die Wendung verringerte die Futter  Jonathan [MASK],1.459609332760079
Die Wendung verringerte die Futter  Jonathan hielt [MASK],1.5609635772400636
Wendung verringerte die Futter  Jonathan hielt so [MASK],1.5973733337176335
verringerte die Futter  Jonathan hielt so lange [MASK],1.5822796776442223
die Futter  Jonathan hielt so lange durch [MASK],1.36743855768514
Futter  Jonathan hielt so lange durch  [MASK],1.1705257613436886
 Jonathan hielt so lange durch  bis [MASK],1.5960853978776486
Jonathan hielt so lange durch  bis das [MASK],1.605659594956614
hielt so lange durch  bis das Sausen [MASK],1.5226952796819748
so lange durch  bis das Sausen der [MASK],1.5946081335034865
lange durch  bis das Sausen der Zugluft [MASK],1.3787624084314138
durch  bis das Sausen der Zugluft um [MASK],1.33293185724914
 bis das Sausen der Zugluft um seinen [MASK],1.1343089291266888
bis das Sausen der Zugluft um seinen Kopf [MASK],1.571389289649108
das Sausen der Zugluft um seinen Kopf nur [MASK],1.5512690506735711
Sausen der Zugluft um seinen Kopf nur noch [MASK],1.5581826727648158
der Zugluft um seinen Kopf nur noch ein [MASK],1.3631934662757375
Zugluft um seinen Kopf nur noch ein leises [MASK],0.9215329159642492
um seinen Kopf nur noch ein leises Flüstern [MASK],1.3743277427279854
seinen Kopf nur noch ein leises Flüstern war [MASK],1.1937808354666624
Kopf nur noch ein leises Flüstern war  [MASK],1.5277043757390159
nur noch ein leises Flüstern war  und [MASK],1.6050833771703203
noch ein leises Flüstern war  und der [MASK],1.5942561181553176
ein leises Flüstern war  und der Ozean [MASK],1.5753923571954276
leises Flüstern war  und der Ozean unter [MASK],0.5788932466877663
Flüstern war  und der Ozean unter ihm [MASK],1.4239237028287808
war  und der Ozean unter ihm stillzustehen [MASK],1.2810576847650996
 und der Ozean unter ihm stillzustehen schien [MASK],1.4176613408798855
und der Ozean unter ihm stillzustehen schien  [MASK],1.4176613408798855
der Ozean unter ihm stillzustehen schien  In [MASK],1.4996626598973983
Ozean unter ihm stillzustehen schien  In äusserster [MASK],1.5641879708909703
unter ihm stillzustehen schien  In äusserster Konzentration [MASK],1.57502910438695
ihm stillzustehen schien  In äusserster Konzentration  [MASK],1.5766754261076141
stillzustehen schien  In äusserster Konzentration  machte [MASK],1.4291167139824197
schien  In äusserster Konzentration  machte er [MASK],1.6027229922369486
 In äusserster Konzentration  machte er die [MASK],1.5817439087410077
In äusserster Konzentration  machte er die Augen [MASK],1.5759218382514315
äusserster Konzentration  machte er die Augen schmal [MASK],1.3643018618956375
Konzentration  machte er die Augen schmal  [MASK],1.210755881804586
 machte er die Augen schmal  hielt [MASK],1.2156083505803044
machte er die Augen schmal  hielt den [MASK],1.3658098094292668
er die Augen schmal  hielt den Atem [MASK],1.528882426072454
die Augen schmal  hielt den Atem an [MASK],1.1801583760118528
Augen schmal  hielt den Atem an  [MASK],1.4314984349067572
schmal  hielt den Atem an  erzwang [MASK],1.1437454691394064
 hielt den Atem an  erzwang noch [MASK],1.2356647692819398
hielt den Atem an  erzwang noch  [MASK],1.2356647692819398
den Atem an  erzwang noch  ein [MASK],1.432358408041281
Atem an  erzwang noch  ein  [MASK],1.4126025597983378
an  erzwang noch  ein  einziges [MASK],1.4650042576813895
 erzwang noch  ein  einziges  [MASK],1.3078633161987068
erzwang noch  ein  einziges  kleines [MASK],1.5096128082826898
noch  ein  einziges  kleines  [MASK],1.5176820278072969
 ein  einziges  kleines  Stück [MASK],1.3831883975399044
ein  einziges  kleines  Stück  [MASK],1.3831883975399044
 einziges  kleines  Stück  dann [MASK],1.5903293289453797
einziges  kleines  Stück  dann sträubte [MASK],1.560741737803146
 kleines  Stück  dann sträubte sich [MASK],1.584306413863167
kleines  Stück  dann sträubte sich das [MASK],1.502025039379474
 Stück  dann sträubte sich das Gefieder [MASK],1.5836652046725619
Stück  dann sträubte sich das Gefieder  [MASK],1.5836652046725619
 dann sträubte sich das Gefieder  er [MASK],1.0578898910210734
dann sträubte sich das Gefieder  er sackte [MASK],1.1919500249614643
sträubte sich das Gefieder  er sackte durch [MASK],1.5803218078014178
sich das Gefieder  er sackte durch und [MASK],1.5464780873325747
das Gefieder  er sackte durch und kippte [MASK],1.6011372755523727
Gefieder  er sackte durch und kippte ab [MASK],0.44477929854963694
 er sackte durch und kippte ab  [MASK],0.7495502865442503
er sackte durch und kippte ab  Niemals [MASK],1.4091946951407937
sackte durch und kippte ab  Niemals  [MASK],1.5195821734889159
durch und kippte ab  Niemals  dürfen [MASK],1.591188194164034
und kippte ab  Niemals  dürfen Seemöwen [MASK],1.3691242361562797
kippte ab  Niemals  dürfen Seemöwen aufhören [MASK],1.2222346403369198
ab  Niemals  dürfen Seemöwen aufhören zu [MASK],1.5876963272330151
 Niemals  dürfen Seemöwen aufhören zu schweben [MASK],1.4630106938120606
Niemals  dürfen Seemöwen aufhören zu schweben oder [MASK],1.5306029350268289
 dürfen Seemöwen aufhören zu schweben oder zu [MASK],1.4562460629695526
dürfen Seemöwen aufhören zu schweben oder zu  [MASK],1.4562460629695526
Seemöwen aufhören zu schweben oder zu  fliegen [MASK],1.5039903562591361
aufhören zu schweben oder zu  fliegen  [MASK],1.5889605632391601
zu schweben oder zu  fliegen  niemals [MASK],1.346989963782841
schweben oder zu  fliegen  niemals  [MASK],1.417054516166586
oder zu  fliegen  niemals  dürfen [MASK],0.97104946056772
zu  fliegen  niemals  dürfen sie [MASK],1.3870810458053477
 fliegen  niemals  dürfen sie absacken [MASK],1.5361016734772022
fliegen  niemals  dürfen sie absacken  [MASK],1.5361016734772022
 niemals  dürfen sie absacken  Für [MASK],1.2730144695340737
niemals  dürfen sie absacken  Für eine [MASK],1.547635765538391
 dürfen sie absacken  Für eine Möwe [MASK],1.5617134422525987
dürfen sie absacken  Für eine Möwe bedeutet [MASK],1.4505401896809875
sie absacken  Für eine Möwe bedeutet das [MASK],1.5757212416419382
absacken  Für eine Möwe bedeutet das Schmach [MASK],1.5016155906048838
 Für eine Möwe bedeutet das Schmach und [MASK],1.4458246352601627
Für eine Möwe bedeutet das Schmach und Welt [MASK],0.42218460829244236
eine Möwe bedeutet das Schmach und Welt  [MASK],0.7368478529620589
Möwe bedeutet das Schmach und Welt  Aber [MASK],1.230011323710527
bedeutet das Schmach und Welt  Aber die [MASK],1.4762346607108285
das Schmach und Welt  Aber die Möwe [MASK],1.6015743180588577
Schmach und Welt  Aber die Möwe Jonathan [MASK],1.5832653660250982
und Welt  Aber die Möwe Jonathan  [MASK],1.5795365894617102
Welt  Aber die Möwe Jonathan  die [MASK],1.0663501747492958
 Aber die Möwe Jonathan  die da [MASK],1.590175417564794
Aber die Möwe Jonathan  die da so [MASK],1.5342842421168328
die Möwe Jonathan  die da so ungeniert [MASK],1.5498687050268416
Möwe Jonathan  die da so ungeniert und [MASK],1.5408170304569426
Jonathan  die da so ungeniert und ohne [MASK],1.4242776605970981
 die da so ungeniert und ohne Zaudern [MASK],1.5970682038629396
die da so ungeniert und ohne Zaudern nochmals [MASK],1.5972213574728726
da so ungeniert und ohne Zaudern nochmals mit [MASK],1.5972667274470531
so ungeniert und ohne Zaudern nochmals mit ausgespannten [MASK],1.599723348298172
ungeniert und ohne Zaudern nochmals mit ausgespannten Flügeln [MASK],1.383643698152697
und ohne Zaudern nochmals mit ausgespannten Flügeln die [MASK],1.590472404529599
ohne Zaudern nochmals mit ausgespannten Flügeln die schwierige [MASK],1.1010144759474323
Zaudern nochmals mit ausgespannten Flügeln die schwierige Kurve [MASK],1.5100346098491664
nochmals mit ausgespannten Flügeln die schwierige Kurve  [MASK],1.4829366978531704
mit ausgespannten Flügeln die schwierige Kurve  versuchte [MASK],1.3128439696911915
ausgespannten Flügeln die schwierige Kurve  versuchte  [MASK],1.5127902159416207
Flügeln die schwierige Kurve  versuchte  und [MASK],1.5624584145842362
die schwierige Kurve  versuchte  und immer [MASK],1.33811020845805
schwierige Kurve  versuchte  und immer langsamer [MASK],1.5216836307367323
Kurve  versuchte  und immer langsamer werdend [MASK],1.5890006408609687
 versuchte  und immer langsamer werdend wieder [MASK],1.4714730885283311
versuchte  und immer langsamer werdend wieder absackte [MASK],1.5900478060376093
 und immer langsamer werdend wieder absackte  [MASK],1.5841651014177822
und immer langsamer werdend wieder absackte  war [MASK],1.4881034064109038
immer langsamer werdend wieder absackte  war kein [MASK],0.9903185891330548
langsamer werdend wieder absackte  war kein gewöhnlicher [MASK],1.4313128476224892
werdend wieder absackte  war kein gewöhnlicher  [MASK],1.3852064850752712
wieder absackte  war kein gewöhnlicher  Vogel [MASK],1.4666604166260293
absackte  war kein gewöhnlicher  Vogel  [MASK],1.420610581642892
 war kein gewöhnlicher  Vogel  Die [MASK],1.5746062326027626
war kein gewöhnlicher  Vogel  Die meisten [MASK],1.425349062844024
kein gewöhnlicher  Vogel  Die meisten Möwen [MASK],1.5404378637364666
gewöhnlicher  Vogel  Die meisten Möwen begnügen [MASK],1.0525048968059936
 Vogel  Die meisten Möwen begnügen sich [MASK],1.595232391845878
Vogel  Die meisten Möwen begnügen sich mit [MASK],1.513438050796611
 Die meisten Möwen begnügen sich mit den [MASK],1.587376644023323
Die meisten Möwen begnügen sich mit den einfachsten [MASK],1.5743903244885096
meisten Möwen begnügen sich mit den einfachsten Grundbegriffen [MASK],1.3482691623607208
Möwen begnügen sich mit den einfachsten Grundbegriffen des [MASK],1.0386054787873218
begnügen sich mit den einfachsten Grundbegriffen des Fliegens [MASK],1.2607669909304624
sich mit den einfachsten Grundbegriffen des Fliegens  [MASK],1.1866664349065408
mit den einfachsten Grundbegriffen des Fliegens  sind [MASK],1.2111816131350879
den einfachsten Grundbegriffen des Fliegens  sind zufrieden [MASK],1.399591324324744
einfachsten Grundbegriffen des Fliegens  sind zufrieden von [MASK],1.590963017095433
Grundbegriffen des Fliegens  sind zufrieden von der [MASK],1.5797296265912046
des Fliegens  sind zufrieden von der Küste [MASK],1.5477881031829954
Fliegens  sind zufrieden von der Küste zum [MASK],1.5413969516661887
 sind zufrieden von der Küste zum Futter [MASK],1.447305122135051
sind zufrieden von der Küste zum Futter und [MASK],1.5794121451564056
zufrieden von der Küste zum Futter und zurück [MASK],1.5612106977499547
von der Küste zum Futter und zurück zu [MASK],1.3979679085170544
der Küste zum Futter und zurück zu kommen [MASK],1.072371942507655
Küste zum Futter und zurück zu kommen  [MASK],1.6069496685673217
zum Futter und zurück zu kommen  Ihnen [MASK],1.0743605126189661
Futter und zurück zu kommen  Ihnen ging [MASK],1.607665081713359
und zurück zu kommen  Ihnen ging es [MASK],1.5830449678317093
zurück zu kommen  Ihnen ging es nicht [MASK],1.548488789840743
zu kommen  Ihnen ging es nicht um [MASK],1.5986577389582406
kommen  Ihnen ging es nicht um die [MASK],1.5718286994010615
 Ihnen ging es nicht um die Kunst [MASK],1.5131651652746307
Ihnen ging es nicht um die Kunst  [MASK],1.5131651652746307
ging es nicht um die Kunst  des [MASK],1.5498741785717138
es nicht um die Kunst  des Fliegens [MASK],1.0092037360527188
nicht um die Kunst  des Fliegens  [MASK],1.3915910993782064
um die Kunst  des Fliegens  sondern [MASK],1.2524913895474337
die Kunst  des Fliegens  sondern um [MASK],1.5673554380329457
Kunst  des Fliegens  sondern um das [MASK],0.8887717000264971
 des Fliegens  sondern um das Futter [MASK],1.4022757808871023
des Fliegens  sondern um das Futter  [MASK],1.4022757808871023
Fliegens  sondern um das Futter  Jonathan [MASK],1.5839377239599834
 sondern um das Futter  Jonathan aber [MASK],1.4846490344667154
sondern um das Futter  Jonathan aber war [MASK],1.2822506614834617
um das Futter  Jonathan aber war das [MASK],1.3876020614463207
das Futter  Jonathan aber war das Fressen [MASK],1.3924073811087654
Futter  Jonathan aber war das Fressen unwichtig [MASK],1.4640835810001038
 Jonathan aber war das Fressen unwichtig  [MASK],1.4816301460293613
Jonathan aber war das Fressen unwichtig  er [MASK],1.024577066220587
aber war das Fressen unwichtig  er wollte [MASK],1.440342052994043
war das Fressen unwichtig  er wollte  [MASK],1.2181795041592227
das Fressen unwichtig  er wollte  fliegen [MASK],1.5787754632284547
Fressen unwichtig  er wollte  fliegen  [MASK],1.450921385465057
unwichtig  er wollte  fliegen  liebte [MASK],1.5282359721673304
 er wollte  fliegen  liebte es [MASK],1.4632033928672932
er wollte  fliegen  liebte es mehr [MASK],1.3716878286807261
wollte  fliegen  liebte es mehr als [MASK],1.4640255827226838
 fliegen  liebte es mehr als alles [MASK],0.6898587056767409
fliegen  liebte es mehr als alles andere [MASK],1.4431397109257058
 liebte es mehr als alles andere auf [MASK],1.3246595467614257
liebte es mehr als alles andere auf der [MASK],1.2170653309399047
es mehr als alles andere auf der Welt [MASK],1.4976470181928492
mehr als alles andere auf der Welt  [MASK],1.4724304216492703
als alles andere auf der Welt  Diese [MASK],1.4060580227976756
alles andere auf der Welt  Diese Neigung [MASK],1.558030650196732
andere auf der Welt  Diese Neigung machte [MASK],1.5293584975419907
auf der Welt  Diese Neigung machte ihn [MASK],0.6971233055073988
der Welt  Diese Neigung machte ihn bei [MASK],1.38531620613703
Welt  Diese Neigung machte ihn bei den [MASK],1.5738646877734006
 Diese Neigung machte ihn bei den übrigen [MASK],1.5314821101625218
Diese Neigung machte ihn bei den übrigen  [MASK],1.5314821101625218
Neigung machte ihn bei den übrigen  Vögeln [MASK],1.2878465344620873
machte ihn bei den übrigen  Vögeln nicht [MASK],1.0661574961458915
ihn bei den übrigen  Vögeln nicht gerade [MASK],1.4487541227762804
bei den übrigen  Vögeln nicht gerade beliebt [MASK],1.4252302011877358
den übrigen  Vögeln nicht gerade beliebt  [MASK],1.4860293917720682
übrigen  Vögeln nicht gerade beliebt  das [MASK],1.5686599314739693
 Vögeln nicht gerade beliebt  das merkte [MASK],1.2585570406244662
Vögeln nicht gerade beliebt  das merkte er [MASK],1.1142028335517058
nicht gerade beliebt  das merkte er bald [MASK],1.4345272333974208
gerade beliebt  das merkte er bald  [MASK],1.4555877885645256
beliebt  das merkte er bald  Selbst [MASK],0.7993176891921238
 das merkte er bald  Selbst seine [MASK],1.5526165614738252
das merkte er bald  Selbst seine Eltern [MASK],1.4356907452496601
merkte er bald  Selbst seine Eltern waren [MASK],1.2194530478377803
er bald  Selbst seine Eltern waren unzufrieden [MASK],0.9465029220916414
bald  Selbst seine Eltern waren unzufrieden dass [MASK],1.2265772133915256
 Selbst seine Eltern waren unzufrieden dass Jonathan [MASK],1.566623936405239
Selbst seine Eltern waren unzufrieden dass Jonathan ganze [MASK],1.1331867919085108
seine Eltern waren unzufrieden dass Jonathan ganze Tage [MASK],1.2259134006750934
Eltern waren unzufrieden dass Jonathan ganze Tage mit [MASK],1.5153218647677884
waren unzufrieden dass Jonathan ganze Tage mit seinen [MASK],1.4916888999748867
unzufrieden dass Jonathan ganze Tage mit seinen Experimenten [MASK],0.9127677523129858
dass Jonathan ganze Tage mit seinen Experimenten im [MASK],1.5762523592814497
Jonathan ganze Tage mit seinen Experimenten im tiefen [MASK],1.450610672277507
ganze Tage mit seinen Experimenten im tiefen Gleitflug [MASK],1.103840478646363
Tage mit seinen Experimenten im tiefen Gleitflug verbrachte [MASK],1.0274209977908708
mit seinen Experimenten im tiefen Gleitflug verbrachte  [MASK],0.9634675371425715
seinen Experimenten im tiefen Gleitflug verbrachte  und [MASK],1.5810416890997188
Experimenten im tiefen Gleitflug verbrachte  und seine [MASK],1.594054943126056
im tiefen Gleitflug verbrachte  und seine Übungen [MASK],1.5007259303252722
tiefen Gleitflug verbrachte  und seine Übungen hundertfach [MASK],1.5540145718057745
Gleitflug verbrachte  und seine Übungen hundertfach wiederholte [MASK],0.6741759359543509
verbrachte  und seine Übungen hundertfach wiederholte  [MASK],0.5079071453336731
 und seine Übungen hundertfach wiederholte  Er [MASK],0.7361442142146982
und seine Übungen hundertfach wiederholte  Er entdeckte [MASK],1.3412300375537745
seine Übungen hundertfach wiederholte  Er entdeckte zum [MASK],1.2902365166080425
Übungen hundertfach wiederholte  Er entdeckte zum Beispiel [MASK],1.2788425501621354
hundertfach wiederholte  Er entdeckte zum Beispiel  [MASK],1.0849175657054535
wiederholte  Er entdeckte zum Beispiel  ohne [MASK],1.5410058898595724
 Er entdeckte zum Beispiel  ohne den [MASK],1.2139327233257091
Er entdeckte zum Beispiel  ohne den Grund [MASK],1.1626860663786882
entdeckte zum Beispiel  ohne den Grund zu [MASK],1.3687019146925203
zum Beispiel  ohne den Grund zu wissen [MASK],0.8812813205479011
Beispiel  ohne den Grund zu wissen  [MASK],0.9893504391788491
 ohne den Grund zu wissen  dass [MASK],1.5621421316444852
ohne den Grund zu wissen  dass er [MASK],1.607490967901624
den Grund zu wissen  dass er sich [MASK],1.0114779417369661
Grund zu wissen  dass er sich länger [MASK],1.4521240588358986
zu wissen  dass er sich länger und [MASK],1.3974917203469905
wissen  dass er sich länger und müheloser [MASK],1.5197465399700494
 dass er sich länger und müheloser in [MASK],1.4363029063174297
dass er sich länger und müheloser in der [MASK],1.5830310636162632
er sich länger und müheloser in der Luft [MASK],1.514964888846301
sich länger und müheloser in der Luft halten [MASK],1.4800224029071962
länger und müheloser in der Luft halten konnte [MASK],1.1079688250152655
und müheloser in der Luft halten konnte  [MASK],0.8863231871381896
müheloser in der Luft halten konnte  wenn [MASK],1.5942085588333486
in der Luft halten konnte  wenn er [MASK],1.585808549376901
der Luft halten konnte  wenn er ganz [MASK],1.593099392779463
Luft halten konnte  wenn er ganz dicht [MASK],1.5060173539378838
halten konnte  wenn er ganz dicht über [MASK],1.3319626932280353
konnte  wenn er ganz dicht über dem [MASK],1.5887806595986569
 wenn er ganz dicht über dem Wasser [MASK],1.4995183540106463
wenn er ganz dicht über dem Wasser dahinflog [MASK],1.3780054157369963
er ganz dicht über dem Wasser dahinflog  [MASK],1.32829389209651
ganz dicht über dem Wasser dahinflog  nur [MASK],1.562430241776628
dicht über dem Wasser dahinflog  nur eine [MASK],1.5221231129022115
über dem Wasser dahinflog  nur eine halbe [MASK],1.2194317086516608
dem Wasser dahinflog  nur eine halbe Spannweite [MASK],0.9328364915795853
Wasser dahinflog  nur eine halbe Spannweite seiner [MASK],1.5360229786819597
dahinflog  nur eine halbe Spannweite seiner Schwingen [MASK],1.332317828344792
 nur eine halbe Spannweite seiner Schwingen hoch [MASK],1.0488887899832453
nur eine halbe Spannweite seiner Schwingen hoch  [MASK],1.0488887899832453
eine halbe Spannweite seiner Schwingen hoch  Dann [MASK],1.5289125238761154
halbe Spannweite seiner Schwingen hoch  Dann endete [MASK],1.4156381208339206
Spannweite seiner Schwingen hoch  Dann endete der [MASK],1.54764338194446
seiner Schwingen hoch  Dann endete der Gleitflug [MASK],1.578846310664879
Schwingen hoch  Dann endete der Gleitflug nicht [MASK],1.3597987230654998
hoch  Dann endete der Gleitflug nicht mit [MASK],1.5573980573119488
 Dann endete der Gleitflug nicht mit dem [MASK],1.370409027535426
Dann endete der Gleitflug nicht mit dem üblichen [MASK],1.572918521607071
endete der Gleitflug nicht mit dem üblichen Aufplatschen [MASK],1.4711753040724838
der Gleitflug nicht mit dem üblichen Aufplatschen der [MASK],0.5777793056106498
Gleitflug nicht mit dem üblichen Aufplatschen der  [MASK],0.6960171615335772
nicht mit dem üblichen Aufplatschen der  vorgereckten [MASK],1.5427559220498481
mit dem üblichen Aufplatschen der  vorgereckten Läufe [MASK],1.4696550978357366
dem üblichen Aufplatschen der  vorgereckten Läufe  [MASK],1.5804242242974045
üblichen Aufplatschen der  vorgereckten Läufe  er [MASK],1.526056066807945
Aufplatschen der  vorgereckten Läufe  er setzte [MASK],1.3610762922916233
der  vorgereckten Läufe  er setzte viel [MASK],1.378762653991565
 vorgereckten Läufe  er setzte viel mehr [MASK],1.5045983768208973
vorgereckten Läufe  er setzte viel mehr mit [MASK],1.4302880950668695
Läufe  er setzte viel mehr mit stromlinienförmig [MASK],1.4404500702275698
 er setzte viel mehr mit stromlinienförmig  [MASK],1.512450728591546
er setzte viel mehr mit stromlinienförmig  dicht [MASK],1.0421348954661982
setzte viel mehr mit stromlinienförmig  dicht am [MASK],1.5658068993796774
viel mehr mit stromlinienförmig  dicht am Körper [MASK],1.502945872512615
mehr mit stromlinienförmig  dicht am Körper anliegenden [MASK],1.4001402904701958
mit stromlinienförmig  dicht am Körper anliegenden  [MASK],1.3306787342872446
stromlinienförmig  dicht am Körper anliegenden  Füssen [MASK],1.5472511105895752
 dicht am Körper anliegenden  Füssen  [MASK],1.5542915250727947
dicht am Körper anliegenden  Füssen  in [MASK],1.5234554517172016
am Körper anliegenden  Füssen  in langem [MASK],1.1714815669748464
Körper anliegenden  Füssen  in langem flachen [MASK],1.5171441920025615
anliegenden  Füssen  in langem flachen Gleiten [MASK],1.5723210976477304
 Füssen  in langem flachen Gleiten auf [MASK],1.4173929718085454
Füssen  in langem flachen Gleiten auf  [MASK],1.4173929718085454
 in langem flachen Gleiten auf  Als [MASK],1.227770560496944
in langem flachen Gleiten auf  Als er [MASK],1.5239063357886584
langem flachen Gleiten auf  Als er aber [MASK],1.5131218449258697
flachen Gleiten auf  Als er aber dann [MASK],1.5886846174673137
Gleiten auf  Als er aber dann auch [MASK],1.5869955572213041
auf  Als er aber dann auch bei [MASK],1.568727586555073
 Als er aber dann auch bei Gleitflügen [MASK],1.5492072834997077
Als er aber dann auch bei Gleitflügen über [MASK],0.9273095300988754
er aber dann auch bei Gleitflügen über dem [MASK],1.5530800347495166
aber dann auch bei Gleitflügen über dem Strand [MASK],1.5374129804864392
dann auch bei Gleitflügen über dem Strand  [MASK],1.5871195604947466
auch bei Gleitflügen über dem Strand  mit [MASK],1.5715508594176852
bei Gleitflügen über dem Strand  mit angezogenen [MASK],1.3900394344180984
Gleitflügen über dem Strand  mit angezogenen Beinen [MASK],1.5235212231023185
über dem Strand  mit angezogenen Beinen zur [MASK],1.5551488393110264
dem Strand  mit angezogenen Beinen zur Landung [MASK],1.561522123393219
Strand  mit angezogenen Beinen zur Landung anzusetzen [MASK],1.6061849896431502
 mit angezogenen Beinen zur Landung anzusetzen begann [MASK],1.2167141518162514
mit angezogenen Beinen zur Landung anzusetzen begann  [MASK],1.2167141518162514
angezogenen Beinen zur Landung anzusetzen begann  und [MASK],1.5379057648145018
Beinen zur Landung anzusetzen begann  und hinterher [MASK],1.1653246602760174
zur Landung anzusetzen begann  und hinterher die [MASK],1.468116237769043
Landung anzusetzen begann  und hinterher die Länge [MASK],1.4442740127445668
anzusetzen begann  und hinterher die Länge der [MASK],1.5842491810753399
begann  und hinterher die Länge der Gleitspur [MASK],1.4658440847506544
 und hinterher die Länge der Gleitspur abtrippelte [MASK],1.3020446818869107
und hinterher die Länge der Gleitspur abtrippelte  [MASK],1.3020446818869107
hinterher die Länge der Gleitspur abtrippelte  da [MASK],1.5601875321653575
die Länge der Gleitspur abtrippelte  da wurde [MASK],1.5979312416306888
Länge der Gleitspur abtrippelte  da wurde seine [MASK],1.5836851934017675
der Gleitspur abtrippelte  da wurde seine Eltern [MASK],1.5468816185707823
Gleitspur abtrippelte  da wurde seine Eltern wirklich [MASK],1.5599662430244587
abtrippelte  da wurde seine Eltern wirklich  [MASK],1.565867530462061
 da wurde seine Eltern wirklich  böse [MASK],1.4995536992401421
da wurde seine Eltern wirklich  böse  [MASK],1.4995536992401421
wurde seine Eltern wirklich  böse  Wozu [MASK],1.500894146353479
seine Eltern wirklich  böse  Wozu das [MASK],1.5399513327378274
Eltern wirklich  böse  Wozu das Jon [MASK],1.569086016612718
wirklich  böse  Wozu das Jon  [MASK],1.5152296187115941
 böse  Wozu das Jon  Warum [MASK],1.570336685914086
böse  Wozu das Jon  Warum in [MASK],1.5374883970779027
 Wozu das Jon  Warum in aller [MASK],1.3065085522570825
Wozu das Jon  Warum in aller Welt [MASK],1.4015235170252893
das Jon  Warum in aller Welt  [MASK],1.5866469634803688
Jon  Warum in aller Welt  fragte [MASK],1.1684580593801956
 Warum in aller Welt  fragte seine [MASK],1.5856642436825625
Warum in aller Welt  fragte seine Mutter [MASK],1.4033569454664783
in aller Welt  fragte seine Mutter  [MASK],1.1459151941270798
aller Welt  fragte seine Mutter  Ist [MASK],1.2238279545305457
Welt  fragte seine Mutter  Ist es [MASK],1.517780501539738
 fragte seine Mutter  Ist es denn [MASK],1.5832452305134035
fragte seine Mutter  Ist es denn wirklich [MASK],1.6058621840749958
seine Mutter  Ist es denn wirklich so [MASK],1.4371150853289856
Mutter  Ist es denn wirklich so schwer [MASK],1.4636397049752874
 Ist es denn wirklich so schwer wie [MASK],0.5519579941063164
Ist es denn wirklich so schwer wie alle [MASK],1.4874239206166135
es denn wirklich so schwer wie alle anderen [MASK],1.5802153760819995
denn wirklich so schwer wie alle anderen zu [MASK],1.50446262314331
wirklich so schwer wie alle anderen zu sein [MASK],1.4029406859362008
so schwer wie alle anderen zu sein  [MASK],1.4436834832125527
schwer wie alle anderen zu sein  Warum [MASK],1.4791211541526672
wie alle anderen zu sein  Warum überlässt [MASK],1.5244174882439023
alle anderen zu sein  Warum überlässt du [MASK],1.0248367582424156
anderen zu sein  Warum überlässt du den [MASK],1.4355733095016612
zu sein  Warum überlässt du den Tiefflug [MASK],1.5293932942947819
sein  Warum überlässt du den Tiefflug nicht [MASK],1.5329816751585228
 Warum überlässt du den Tiefflug nicht den [MASK],1.5314757494286284
Warum überlässt du den Tiefflug nicht den Pelikanen [MASK],1.222508430168645
überlässt du den Tiefflug nicht den Pelikanen  [MASK],1.498288124810967
du den Tiefflug nicht den Pelikanen  oder [MASK],1.516955813311397
den Tiefflug nicht den Pelikanen  oder dem [MASK],1.603238636164748
Tiefflug nicht den Pelikanen  oder dem Albatros [MASK],1.007061502969886
nicht den Pelikanen  oder dem Albatros  [MASK],1.3991427533241354
den Pelikanen  oder dem Albatros  Warum [MASK],1.5763930333451657
Pelikanen  oder dem Albatros  Warum frisst [MASK],1.4427325868525223
 oder dem Albatros  Warum frisst du [MASK],0.8615168246308618
oder dem Albatros  Warum frisst du nicht [MASK],1.1411899220049306
dem Albatros  Warum frisst du nicht wie [MASK],1.4636072160784046
Albatros  Warum frisst du nicht wie die [MASK],1.3261688127504814
 Warum frisst du nicht wie die anderen [MASK],1.5223715469261359
Warum frisst du nicht wie die anderen  [MASK],1.5223715469261359
frisst du nicht wie die anderen  Du [MASK],1.5832262198652174
du nicht wie die anderen  Du bist [MASK],1.5422185577938239
nicht wie die anderen  Du bist ja [MASK],1.5892061533258341
wie die anderen  Du bist ja nur [MASK],1.5745149470201234
die anderen  Du bist ja nur noch [MASK],1.342915550414725
anderen  Du bist ja nur noch Federn [MASK],1.566849150858888
 Du bist ja nur noch Federn und [MASK],1.4944189009672315
Du bist ja nur noch Federn und Knochen [MASK],1.1401375373252693
bist ja nur noch Federn und Knochen wie [MASK],1.5057810795465847
ja nur noch Federn und Knochen wie siehst [MASK],1.5377615057257337
nur noch Federn und Knochen wie siehst du [MASK],1.4973555792651843
noch Federn und Knochen wie siehst du bloss [MASK],1.3561514721318375
Federn und Knochen wie siehst du bloss aus [MASK],1.4742235583950385
und Knochen wie siehst du bloss aus  [MASK],1.4605295136669683
Knochen wie siehst du bloss aus  Das [MASK],1.080409373263261
wie siehst du bloss aus  Das ist [MASK],1.5846025053576813
siehst du bloss aus  Das ist mir [MASK],1.2885880345817051
du bloss aus  Das ist mir ganz [MASK],1.3956452486523825
bloss aus  Das ist mir ganz einerlei [MASK],1.4416118747294724
aus  Das ist mir ganz einerlei Mama [MASK],1.5297890008716162
 Das ist mir ganz einerlei Mama  [MASK],1.4881739109991636
Das ist mir ganz einerlei Mama  Ich [MASK],1.4902568999905421
ist mir ganz einerlei Mama  Ich muss [MASK],1.592346119014365
mir ganz einerlei Mama  Ich muss herausfinden [MASK],1.509919592402464
ganz einerlei Mama  Ich muss herausfinden was [MASK],1.2263994412197137
einerlei Mama  Ich muss herausfinden was ich [MASK],1.5587686923847397
Mama  Ich muss herausfinden was ich in [MASK],1.5411252142044436
 Ich muss herausfinden was ich in der [MASK],1.5156066110716275
Ich muss herausfinden was ich in der Luft [MASK],1.5474268619837885
muss herausfinden was ich in der Luft kann [MASK],1.389791134079879
herausfinden was ich in der Luft kann  [MASK],1.4196003574142755
was ich in der Luft kann  und [MASK],1.6043961706642629
ich in der Luft kann  und was [MASK],1.5663471694457654
in der Luft kann  und was nicht [MASK],1.293613448776535
der Luft kann  und was nicht  [MASK],1.4595356746002455
Luft kann  und was nicht  das [MASK],1.4733964915737066
kann  und was nicht  das ist [MASK],1.0832556845890728
 und was nicht  das ist alles [MASK],1.5637757719591705
und was nicht  das ist alles  [MASK],1.5637757719591705
was nicht  das ist alles  Ich [MASK],1.4851596971177763
nicht  das ist alles  Ich muss [MASK],1.5430334498757876
 das ist alles  Ich muss es [MASK],1.4381623901581724
das ist alles  Ich muss es einfach [MASK],1.5643293454975205
ist alles  Ich muss es einfach wissen [MASK],1.4829944056764657
alles  Ich muss es einfach wissen  [MASK],1.4101096959435415
 Ich muss es einfach wissen  Sieh [MASK],1.5766613888831924
Ich muss es einfach wissen  Sieh einmal [MASK],1.57116969295255
muss es einfach wissen  Sieh einmal Jonathan [MASK],1.5685366695684353
es einfach wissen  Sieh einmal Jonathan  [MASK],1.591181561022367
einfach wissen  Sieh einmal Jonathan  sagte [MASK],1.5104168397763094
wissen  Sieh einmal Jonathan  sagte sein [MASK],1.362394778694992
 Sieh einmal Jonathan  sagte sein Vater [MASK],1.0391378507095446
Sieh einmal Jonathan  sagte sein Vater nicht [MASK],1.3080867048447589
einmal Jonathan  sagte sein Vater nicht unfreundlich [MASK],0.9851630011372287
Jonathan  sagte sein Vater nicht unfreundlich  [MASK],1.46070992626474
 sagte sein Vater nicht unfreundlich  Bald [MASK],1.0285600531295696
sagte sein Vater nicht unfreundlich  Bald kommt [MASK],1.4820526582455593
sein Vater nicht unfreundlich  Bald kommt der [MASK],1.569512420730379
Vater nicht unfreundlich  Bald kommt der Winter [MASK],1.4611736035150171
nicht unfreundlich  Bald kommt der Winter  [MASK],1.5933037216491805
unfreundlich  Bald kommt der Winter  Da [MASK],1.5075200378733065
 Bald kommt der Winter  Da gibt [MASK],1.5635942913888896
Bald kommt der Winter  Da gibt es [MASK],1.4828360273566719
kommt der Winter  Da gibt es nicht [MASK],0.7798056667693196
der Winter  Da gibt es nicht viele [MASK],1.5016421584831894
Winter  Da gibt es nicht viele Boote [MASK],1.205673923905476
 Da gibt es nicht viele Boote  [MASK],1.5428258808837458
Da gibt es nicht viele Boote  und [MASK],1.3859148199080047
gibt es nicht viele Boote  und die [MASK],1.3912127498297182
es nicht viele Boote  und die Fische [MASK],1.5008755472565098
nicht viele Boote  und die Fische schwimmen [MASK],1.5740814749008754
viele Boote  und die Fische schwimmen nicht [MASK],1.0998613654101213
Boote  und die Fische schwimmen nicht mehr [MASK],1.3731353462343885
 und die Fische schwimmen nicht mehr dicht [MASK],1.440299143964945
und die Fische schwimmen nicht mehr dicht unter [MASK],0.42761626076912274
die Fische schwimmen nicht mehr dicht unter der [MASK],0.870951875879448
Fische schwimmen nicht mehr dicht unter der Oberfläche [MASK],1.4922309355311938
schwimmen nicht mehr dicht unter der Oberfläche  [MASK],1.564710393558809
nicht mehr dicht unter der Oberfläche  sondern [MASK],1.547287568237003
mehr dicht unter der Oberfläche  sondern in [MASK],1.5693440617882295
dicht unter der Oberfläche  sondern in der [MASK],1.493952491262561
unter der Oberfläche  sondern in der  [MASK],1.5802284913990885
der Oberfläche  sondern in der  Tiefe [MASK],1.4917417911393214
Oberfläche  sondern in der  Tiefe  [MASK],1.4225241766403882
 sondern in der  Tiefe  Wenn [MASK],1.5408647159373003
sondern in der  Tiefe  Wenn du [MASK],1.044787893269977
in der  Tiefe  Wenn du unbedingt [MASK],1.2567148947328795
der  Tiefe  Wenn du unbedingt etwas [MASK],1.1162566106885228
 Tiefe  Wenn du unbedingt etwas lernen [MASK],1.116791331463594
Tiefe  Wenn du unbedingt etwas lernen willst [MASK],1.0406775589011787
 Wenn du unbedingt etwas lernen willst  [MASK],1.0378497604249697
Wenn du unbedingt etwas lernen willst  dann [MASK],1.6081124766431794
du unbedingt etwas lernen willst  dann lerne [MASK],1.552128523940227
unbedingt etwas lernen willst  dann lerne wie [MASK],1.4449646761731652
etwas lernen willst  dann lerne wie man [MASK],0.549059781018274
lernen willst  dann lerne wie man sich [MASK],1.3074796475158565
willst  dann lerne wie man sich sein [MASK],1.4136060313693206
 dann lerne wie man sich sein Futter [MASK],1.5557853353815465
dann lerne wie man sich sein Futter beschafft [MASK],1.5561438630469737
lerne wie man sich sein Futter beschafft  [MASK],1.292084712006414
wie man sich sein Futter beschafft  Fliegerei [MASK],1.4926068661247123
man sich sein Futter beschafft  Fliegerei  [MASK],1.5680824134336901
sich sein Futter beschafft  Fliegerei  gut [MASK],1.5417207289373143
sein Futter beschafft  Fliegerei  gut und [MASK],1.4928937843877084
Futter beschafft  Fliegerei  gut und schön [MASK],1.5123536745548407
beschafft  Fliegerei  gut und schön  [MASK],1.578532007966642
 Fliegerei  gut und schön  aber [MASK],1.4842980384884383
Fliegerei  gut und schön  aber von [MASK],1.2667218959316564
 gut und schön  aber von einem [MASK],1.5077720242165649
gut und schön  aber von einem Gleitflug [MASK],1.5475773552116805
und schön  aber von einem Gleitflug  [MASK],1.4253865409411426
schön  aber von einem Gleitflug  kann [MASK],1.5863615938938345
 aber von einem Gleitflug  kann man [MASK],1.2989938487576296
aber von einem Gleitflug  kann man nichts [MASK],1.3164387420173929
von einem Gleitflug  kann man nichts abbeissen [MASK],1.216945826397533
einem Gleitflug  kann man nichts abbeissen  [MASK],1.3117729319208116
Gleitflug  kann man nichts abbeissen  verstehst [MASK],1.5938841728555724
 kann man nichts abbeissen  verstehst du [MASK],1.5770483373421091
kann man nichts abbeissen  verstehst du  [MASK],1.5770483373421091
man nichts abbeissen  verstehst du  Zweck [MASK],1.5134343032870394
nichts abbeissen  verstehst du  Zweck des [MASK],1.4911758733228775
abbeissen  verstehst du  Zweck des Fliegens [MASK],1.5796341928424638
 verstehst du  Zweck des Fliegens ist [MASK],1.601471030313337
verstehst du  Zweck des Fliegens ist  [MASK],1.601471030313337
du  Zweck des Fliegens ist  dass [MASK],1.5708076848130545
 Zweck des Fliegens ist  dass man [MASK],1.2579415418601652
Zweck des Fliegens ist  dass man etwas [MASK],1.4794266612638842
des Fliegens ist  dass man etwas zu [MASK],1.5162803105796174
Fliegens ist  dass man etwas zu Essen [MASK],1.2793306236838622
ist  dass man etwas zu Essen hat [MASK],1.2688348761049955
 dass man etwas zu Essen hat  [MASK],1.0410987946327195
dass man etwas zu Essen hat  vergiss [MASK],1.0169870133989027
man etwas zu Essen hat  vergiss das [MASK],1.5091071098683453
etwas zu Essen hat  vergiss das nicht [MASK],1.6040350122515399
zu Essen hat  vergiss das nicht  [MASK],1.5943655089304443
Essen hat  vergiss das nicht  Jonathan [MASK],1.566774655711863
hat  vergiss das nicht  Jonathan nickte [MASK],1.4356241798919038
 vergiss das nicht  Jonathan nickte gehorsam [MASK],1.464077649894776
vergiss das nicht  Jonathan nickte gehorsam  [MASK],1.464077649894776
